{
    "cam": {
        "D": [
            0,
            0,
            0,
            0,
            0.0
        ],
        "K": [
            [
                1311.05972093921,
                0.0,
                749.818357327634
            ],
            [
                0.0,
                1313.67270907052,
                534.587402816582
            ],
            [
                0.0,
                0.0,
                1.0
            ]
        ]
    },
    "lidar_pose": "descend",
    "pc": {
        "PerspectiveParams": [
            -9.524364,
            -1.442703,
            5.006819,
            0.262149,
            -0.014307,
            0.964921
        ],
        "filter": {
            "angle_size": 115.0,
            "angle_start": 319.0,
            "ceil_gap": 0.0,
            "floor_gap": 0.4,
            "max_ceil_gap": 10.0,
            "max_distance": 7.2,
            "max_distance_threshold": 30,
            "max_floor_gap": 5,
            "min_distance": 1.2,
            "min_distance_threshold": 5
        },
        "plane": {
            "distance_threshold": 0.06,
            "point_num_min": 20
        }
    },
    "size": 4,
    "tag_size": [
        1.0,
        1.4,
        0.01
    ],
    "tf": [
        [
            0.00565223255781389,
            -0.999935923175628,
            0.00980825213876119,
            -0.0544412647199042
        ],
        [
            -0.0107242645535188,
            -0.00986845884183873,
            -0.999893796195312,
            -0.0812758186308639
        ],
        [
            0.999926518508685,
            0.00554644597846771,
            -0.0107793562010636,
            -0.0236456640939062
        ],
        [
            0.0,
            0.0,
            0.0,
            1.0
        ]
    ]
}